_id,name,email,password,role,team,department,employeeId,__v
6703af36d312dda4ba75d5cd,Lorenzo Waters,Kaleb_Leffler@hotmail.com,4naGpGw7oy_B6mG,admin,Toys,Garden,1,0
6703af36d312dda4ba75d5d0,Christina Marks,Gloria.Farrell@yahoo.com,uCL75VrOgS_O7EA,admin,Music,Kids,2,0
6703af36d312dda4ba75d5d3,Bobbie Turcotte-Cole,Elwin.Heidenreich@gmail.com,0PqBLQKeapGzj2G,admin,Clothing,Kids,3,0
6703af36d312dda4ba75d5d6,Ted Bartell,Osbaldo_Kiehn@gmail.com,ajIyzZjpCsCMGkx,admin,Electronics,Music,4,0
6703af36d312dda4ba75d5d9,Joan Hane-Denesik,Larue_Padberg17@yahoo.com,LavMG9BWj8LDNwo,admin,Sports,Jewelry,5,0
6703af36d312dda4ba75d5dc,Miss Beth Bashirian,Luther.Bins@hotmail.com,gkPD9CswAPtMUyH,admin,Automotive,Clothing,6,0
6703af36d312dda4ba75d5df,Charlie Ruecker,Cornelius.Berge@hotmail.com,rxckKdg3fAkFHCY,admin,Clothing,Home,7,0
6703af36d312dda4ba75d5e2,Julie Hermiston,Roslyn90@gmail.com,hBYo820gd1_KG64,admin,Clothing,Clothing,8,0
6703af36d312dda4ba75d5e5,Darrin Abbott,Marina.Kemmer@gmail.com,nbGPyOrKjQxg1a8,admin,Sports,Jewelry,9,0
6703af36d312dda4ba75d5e8,Pam Rolfson,Xavier_Murphy65@hotmail.com,fx4CUey4ZrWUUVb,admin,Computers,Movies,10,0
6703af36d312dda4ba75d5eb,Mr. Van Howell,Rachelle_Emmerich94@hotmail.com,oF8tg70xKMqCLjT,employee,Computers,Electronics,11,0
6703af36d312dda4ba75d5ee,Dr. Emmett Gleichner,Joseph.Kuvalis14@hotmail.com,J4SFryRbndeJg3n,employee,Grocery,Clothing,12,0
6703af36d312dda4ba75d5f1,Dr. Alfredo Mosciski,Kip.Bernhard-Mayert59@hotmail.com,mWofE17w74bak1g,employee,Baby,Jewelry,13,0
6703af36d312dda4ba75d5f4,Lula Harris,Alanis_Kirlin@yahoo.com,FitXqXmw0monqhd,employee,Electronics,Sports,14,0
6703af37d312dda4ba75d5f7,Ricardo Dicki DVM,Kellen6@yahoo.com,STEXgzuX469Xk75,employee,Music,Baby,15,0
6703af37d312dda4ba75d5fa,Dr. Aaron Ruecker IV,Eryn7@yahoo.com,TQjGGrP3WQnu_UA,employee,Jewelry,Automotive,16,0
6703af37d312dda4ba75d5fd,Michael Heidenreich,Wilfrid.Beier65@gmail.com,VxafXo8wvx5s2cV,employee,Shoes,Automotive,17,0
6703af37d312dda4ba75d600,Lynda Weimann Sr.,Rossie1@hotmail.com,bqqdPeWrzwwwD1E,employee,Baby,Shoes,18,0
6703af37d312dda4ba75d603,Brendan Wyman,Daphnee_McKenzie87@gmail.com,UfzcWD5Ln1Hk18h,employee,Games,Electronics,19,0
6703af37d312dda4ba75d606,Fred Runolfsdottir,Corbin52@yahoo.com,vQR75FAp3PUfsAi,employee,Movies,Garden,20,0
6703af37d312dda4ba75d609,Margie Gulgowski,Cheyenne_Legros62@hotmail.com,OF_GxxvDNkHp2bO,employee,Toys,Grocery,21,0
6703af37d312dda4ba75d60c,Laurie Turner,Celestine_Kunze@hotmail.com,IAZglna7xEQo__7,employee,Electronics,Sports,22,0
6703af37d312dda4ba75d60f,Fred O'Connell,Evie_OReilly@hotmail.com,U6rA4idfw8I5r_D,employee,Games,Jewelry,23,0
6703af37d312dda4ba75d612,Jordan Tillman,Daryl23@yahoo.com,D4cwWl4eZ9RIsEY,employee,Shoes,Garden,24,0
6703af37d312dda4ba75d615,Olivia Goodwin PhD,Fabian5@yahoo.com,6vGYEWoe0yVbxQr,employee,Toys,Industrial,25,0
6703af37d312dda4ba75d618,Muriel Runolfsdottir,Karine_Fahey69@hotmail.com,TGlM4WCsXfApqtZ,employee,Books,Outdoors,26,0
6703af37d312dda4ba75d61b,Jeffrey Schimmel,Chelsie_Hoppe@hotmail.com,vuIMWx1y39RCPlv,employee,Health,Music,27,0
6703af37d312dda4ba75d61e,Christie Denesik,Javonte40@gmail.com,HskLN703PMQL7DI,employee,Outdoors,Computers,28,0
6703af37d312dda4ba75d621,Salvador Kirlin,Brenden_Gibson-Wehner@gmail.com,ogu77aDxCSyLuM4,employee,Books,Electronics,29,0
6703af37d312dda4ba75d624,Norman Romaguera,Cecile6@gmail.com,DccTQ1Pzj7k1hVd,employee,Sports,Music,30,0
6703af37d312dda4ba75d627,Marc Little Jr.,Orie.Towne@gmail.com,ogXlCfuofsUpi4o,employee,Industrial,Clothing,31,0
6703af37d312dda4ba75d62a,Ellen Hand,Jazmyne.Beatty@yahoo.com,aKtTbDb8VZFJlN7,employee,Grocery,Beauty,32,0
6703af37d312dda4ba75d62d,Dave Dooley,Anne_Okuneva30@gmail.com,4sI1pR54dl4joey,employee,Clothing,Outdoors,33,0
6703af38d312dda4ba75d630,Mack Wolff,Jonathon44@yahoo.com,vkbfBqBHZgryrW6,employee,Sports,Jewelry,34,0
6703af38d312dda4ba75d633,Dr. Tommie Stanton,Cesar.Mueller@gmail.com,I6Q7C6vZq8iieiP,employee,Garden,Toys,35,0
6703af38d312dda4ba75d636,Myrtle Zemlak,Maurine71@hotmail.com,xDl29Mcpl1hk3p2,employee,Toys,Movies,36,0
6703af38d312dda4ba75d639,Dr. John Treutel,Jenifer.Gottlieb1@hotmail.com,_UMeNfcnjWRXFOT,employee,Music,Outdoors,37,0
6703af38d312dda4ba75d63c,Darla Schoen-Jacobs,Lemuel8@yahoo.com,wnYz2hEphPxPyFq,employee,Electronics,Toys,38,0
6703af38d312dda4ba75d63f,Roberto Schroeder,Eloy.Borer97@hotmail.com,UhFc_1cCkR3ciRv,employee,Electronics,Garden,39,0
6703af38d312dda4ba75d642,Renee Nikolaus,Dino75@gmail.com,ecpm63Ug6fED5DR,employee,Outdoors,Outdoors,40,0
6703af38d312dda4ba75d645,Lucia Wisozk,Ronaldo_Bartoletti-Legros@yahoo.com,CPa_zk9nAufaq4y,employee,Health,Industrial,41,0
6703af38d312dda4ba75d648,Mrs. Stacy Lemke,Lexie_Hirthe@yahoo.com,RU852N2WBLUlbRz,employee,Industrial,Home,42,0
6703af38d312dda4ba75d64b,Heather Luettgen,Lynn95@gmail.com,aCDqiYm5v5Mve7F,employee,Music,Baby,43,0
6703af38d312dda4ba75d64e,Ervin Friesen,Mona.Konopelski15@yahoo.com,WuUF9rppAMQk9Dg,employee,Sports,Garden,44,0
6703af38d312dda4ba75d651,Gary Aufderhar,Abigayle.Corkery80@gmail.com,0KcyrBL1qtBSKTp,employee,Jewelry,Outdoors,45,0
6703af38d312dda4ba75d654,Elijah Nienow,Walter.Mayer7@yahoo.com,tNuEFOQ1uWnO7Hd,employee,Baby,Industrial,46,0
6703af38d312dda4ba75d657,Jody Ankunding,Marvin.Marvin@hotmail.com,6c4jIVts_8HV7n1,employee,Health,Jewelry,47,0
6703af38d312dda4ba75d65a,Nichole Ferry,Jaiden12@gmail.com,yzIaq7soWQB31yo,employee,Computers,Sports,48,0
6703af38d312dda4ba75d65d,Anne Kuphal,Carissa48@gmail.com,e2VviyU8ZPc7izr,employee,Sports,Kids,49,0
6703af38d312dda4ba75d660,Emanuel Ward PhD,Juliet56@gmail.com,Za_Or4W2ShnZq3u,employee,Clothing,Computers,50,0
6703af38d312dda4ba75d663,Armando Wilderman,Enoch.Ernser-Johnston0@yahoo.com,32bH0YoHqgG288h,employee,Sports,Music,51,0
6703af39d312dda4ba75d666,Kerry Herman DVM,Kylee.Hodkiewicz55@gmail.com,Ndw0GHF66m4lA7e,employee,Beauty,Electronics,52,0
6703af39d312dda4ba75d669,Joshua Hessel,Daisha.Krajcik88@yahoo.com,fqi5o9S1duWaiIf,employee,Movies,Movies,53,0
6703af39d312dda4ba75d66c,Jamie Orn,Abraham_Schmitt98@hotmail.com,U7lafeUhg7ZF2oe,employee,Jewelry,Garden,54,0
6703af39d312dda4ba75d66f,Ms. Megan Borer,Jana.Spencer98@hotmail.com,B9NIVKnrqXFsm02,employee,Toys,Grocery,55,0
6703af39d312dda4ba75d672,Lynn Cummings Jr.,Travon_Vandervort36@hotmail.com,pxd0cQVotYGsVX4,employee,Health,Books,56,0
6703af39d312dda4ba75d675,Emmett Bins-McClure,Geraldine1@yahoo.com,6kqw0l9yMvlTmpI,employee,Baby,Outdoors,57,0
6703af39d312dda4ba75d678,Frank Doyle,Donavon.Wyman22@hotmail.com,PdOHmpJbED3GtjX,employee,Industrial,Books,58,0
6703af39d312dda4ba75d67b,Salvador Mills,Amina15@yahoo.com,iv7MkoeWk8d9SZS,employee,Home,Grocery,59,0
6703af39d312dda4ba75d67e,Beatrice Crist,Elmer.Steuber@hotmail.com,cLVJuZRdMFI7D7G,employee,Home,Sports,60,0
6703af39d312dda4ba75d681,Julius Jacobson,Princess.Koss10@gmail.com,zQNJu_Dz_WYnM1k,employee,Industrial,Sports,61,0
6703af39d312dda4ba75d684,Annie Powlowski,Enrique_Ondricka33@gmail.com,h3bET4vvYv3RS4H,employee,Beauty,Beauty,62,0
6703af39d312dda4ba75d687,Marvin Rogahn,Vida22@gmail.com,QwRjgL0lwOIa9H1,employee,Kids,Industrial,63,0
6703af39d312dda4ba75d68a,George Cruickshank,Leonor.Sipes@hotmail.com,cInJmhdm97LQ4YJ,employee,Movies,Sports,64,0
6703af39d312dda4ba75d68d,Pat Mayert,Juliet_Emard82@yahoo.com,zvioTmftM79ZPrN,employee,Shoes,Automotive,65,0
6703af39d312dda4ba75d690,Guillermo Kihn,Marcus96@hotmail.com,MMA7zzXrEWUS1gW,employee,Toys,Beauty,66,0
6703af39d312dda4ba75d693,Dr. Faith Cole,Jamel.Bahringer19@yahoo.com,qk2rdAwEGqkCaBQ,employee,Health,Jewelry,67,0
6703af39d312dda4ba75d696,Mr. Kerry O'Connell,Joanie.Bednar@yahoo.com,4bsY3uuY4eKR51B,employee,Toys,Automotive,68,0
6703af39d312dda4ba75d699,Sheldon Medhurst,Darrel_Becker@gmail.com,je1Zml6xlH3Nvqu,employee,Electronics,Computers,69,0
6703af39d312dda4ba75d69c,Dr. Joel Block,Briana_Abernathy@hotmail.com,Pynzvq83wikfl7s,employee,Books,Clothing,70,0
6703af39d312dda4ba75d69f,Deanna Crona-Luettgen,Claire_Turcotte32@yahoo.com,caNecR5OeRswXKp,employee,Grocery,Sports,71,0
6703af3ad312dda4ba75d6a2,Dr. Belinda Kunze,Judge.Bahringer@yahoo.com,ETKMCnwNE2PyfES,employee,Movies,Movies,72,0
6703af3ad312dda4ba75d6a5,Timmy Bogisich,Gabriella32@yahoo.com,GUZ2qPsN2NOUQK0,employee,Industrial,Shoes,73,0
6703af3ad312dda4ba75d6a8,Derrick Beahan,Rosario_Jenkins1@gmail.com,7zmh7v62_qb0Rcd,employee,Clothing,Toys,74,0
6703af3ad312dda4ba75d6ab,Kim Bailey V,Aniyah.Stroman@gmail.com,VjDxEovo8Y8C8CR,employee,Grocery,Kids,75,0
6703af3ad312dda4ba75d6ae,Courtney Jacobson,Skylar24@gmail.com,7DplKKNr6tue9h2,employee,Automotive,Sports,76,0
6703af3ad312dda4ba75d6b1,Estelle Runolfsson,Ruthie17@gmail.com,lWcXG3mwMyUCZQR,employee,Beauty,Games,77,0
6703af3ad312dda4ba75d6b4,Frederick Crona,Geovanny_Gerlach@yahoo.com,iZ38upBSNHHpxlN,employee,Garden,Garden,78,0
6703af3ad312dda4ba75d6b7,Dawn Abshire I,Friedrich90@gmail.com,10gFhmRGHjslnXK,employee,Tools,Clothing,79,0
6703af3ad312dda4ba75d6ba,Mr. Darrel Shields,Heloise_Mayert-Rath90@yahoo.com,RmSFLuzMNDutXfm,employee,Movies,Movies,80,0
6703af3ad312dda4ba75d6bd,Mr. Lonnie Stokes-Aufderhar,Brooks83@gmail.com,zsv55XweoQfGZXm,employee,Baby,Baby,81,0
6703af3ad312dda4ba75d6c0,Leah Kassulke,Marquis_Bernhard@hotmail.com,D4qqtiyTPPsPmAn,employee,Grocery,Computers,82,0
6703af3ad312dda4ba75d6c3,Randolph Hodkiewicz,Verner_Schultz@hotmail.com,uOsb8N2dbgprZTz,employee,Health,Outdoors,83,0
6703af3ad312dda4ba75d6c6,Erica Batz,Timothy63@hotmail.com,oxR2ucCvGu5hcQg,employee,Movies,Tools,84,0
6703af3ad312dda4ba75d6c9,Cecilia Marks PhD,Dalton10@gmail.com,jdMOhTHl0jUoRrm,employee,Outdoors,Baby,85,0
6703af3ad312dda4ba75d6cc,Forrest Nicolas,Agustina.Friesen29@hotmail.com,1NS2akE5dQ8dMWy,employee,Industrial,Clothing,86,0
6703af3ad312dda4ba75d6cf,Melba Rice,Jedediah54@gmail.com,gxj0951N4AtF36z,employee,Beauty,Tools,87,0
6703af3ad312dda4ba75d6d2,Marian Schneider,Naomi3@yahoo.com,cADD1uK0iIm4meO,employee,Baby,Clothing,88,0
6703af3ad312dda4ba75d6d5,Ricardo Gutkowski,Edward.Ferry3@yahoo.com,yHcicJH3Ky0_HN5,employee,Beauty,Jewelry,89,0
6703af3ad312dda4ba75d6d8,Geneva Jones Jr.,Elinor_Witting@gmail.com,u4pCjINXiTCWKmR,employee,Games,Toys,90,0
6703af3bd312dda4ba75d6db,Ginger Hodkiewicz,Gillian_Wyman50@gmail.com,WaxPECjXeWbNuvV,employee,Electronics,Sports,91,0
6703af3bd312dda4ba75d6de,Geraldine West,Eloisa_Wilderman33@hotmail.com,8QcY2OvoGMyyHxV,employee,Beauty,Tools,92,0
6703af3bd312dda4ba75d6e1,Hubert Runolfsdottir,Anna.Bechtelar49@yahoo.com,000vsm96xfWa3X8,employee,Sports,Home,93,0
6703af3bd312dda4ba75d6e4,Cedric Torp,Cameron73@hotmail.com,OKptuQQgpWDzNG0,employee,Baby,Jewelry,94,0
6703af3bd312dda4ba75d6e7,Shari Dach,Tremayne_White27@hotmail.com,c90fnYHS23YdDeQ,employee,Clothing,Electronics,95,0
6703af3bd312dda4ba75d6ea,Alice Mohr DDS,Cecil_Bruen@gmail.com,6NpSLr25j4YhRuh,employee,Toys,Computers,96,0
6703af3bd312dda4ba75d6ed,Sheila Hermiston,Elinore.Hauck22@hotmail.com,RKFd2qSaRNspvw5,employee,Tools,Electronics,97,0
6703af3bd312dda4ba75d6f0,Sheryl Cruickshank,Lelah_Daniel12@yahoo.com,WSzkIGXdlkhw9pZ,employee,Books,Kids,98,0
6703af3bd312dda4ba75d6f3,Rebecca Kerluke-MacGyver,Bart_Padberg28@hotmail.com,fOc3jM14yi_kAqa,employee,Clothing,Shoes,99,0
6703af3bd312dda4ba75d6f6,Jennie Koelpin,Elva46@yahoo.com,5NxpZexmyt9wLJg,employee,Movies,Tools,100,0
6703af3bd312dda4ba75d6f9,Edmond Koch,June_Tremblay@hotmail.com,n9DrGtngmwf6tqG,employee,Jewelry,Outdoors,101,0
6703af3bd312dda4ba75d6fc,Virginia McClure-Mills,Sebastian_Schulist@hotmail.com,487Fu_YE9GIv9ZB,employee,Games,Kids,102,0
6703af3bd312dda4ba75d6ff,Jack Balistreri V,Natasha93@hotmail.com,5lG8MaWaN2qtN3p,employee,Electronics,Computers,103,0
6703af3bd312dda4ba75d702,Dwayne Bartell,Juana22@yahoo.com,WWDO271ZukF3OHz,employee,Sports,Home,104,0
6703af3bd312dda4ba75d705,Norman Abshire,Devyn.Kovacek@hotmail.com,p6Rl71zTtYKefza,employee,Books,Sports,105,0
6703af3bd312dda4ba75d708,Grady Armstrong DVM,Emory39@gmail.com,w3o7D80OqouKI9O,employee,Outdoors,Toys,106,0
6703af3bd312dda4ba75d70b,Verna Conn,Delpha_Ratke@gmail.com,HNCMiniS2a2eQj7,employee,Music,Electronics,107,0
6703af3bd312dda4ba75d70e,Rex Tromp,Jared.Swaniawski@hotmail.com,gHCLRnnEwq7ThkA,employee,Outdoors,Industrial,108,0
6703af3bd312dda4ba75d711,Nadine Walsh,Bennett.Streich71@gmail.com,fBxOaV5aJafqg4z,employee,Movies,Industrial,109,0
6703af3bd312dda4ba75d714,Nicholas Reichel DVM,Sydni3@gmail.com,quhI4S05nv4Uw0m,employee,Garden,Kids,110,0
6703af3cd312dda4ba75d717,Tammy Dickinson,Cleo_Runolfsson78@yahoo.com,3xbhX8m8BUpmZuG,employee,Shoes,Industrial,111,0
6703af3cd312dda4ba75d71a,Bernadette Nienow MD,Helena.Schmitt7@hotmail.com,LYJJdVo3FO0dkRa,employee,Jewelry,Books,112,0
6703af3cd312dda4ba75d71d,Bradford Koelpin Sr.,Cayla.Roob7@hotmail.com,X7UfYJHpsDZVWoq,employee,Industrial,Electronics,113,0
6703af3cd312dda4ba75d720,Roman Stokes-Boyer,Hermina_Satterfield70@hotmail.com,XyVqRHPo9u1VV2_,employee,Baby,Games,114,0
6703af3cd312dda4ba75d723,Nichole Abbott,Carlo_Hermann@gmail.com,j2SLeGj4Q0f1BEq,employee,Health,Industrial,115,0
6703af3cd312dda4ba75d726,Shelley Glover,Caesar.Kris@gmail.com,3wjqWy37RUx2X4F,employee,Books,Jewelry,116,0
6703af3cd312dda4ba75d729,Diana Pollich Jr.,Keegan_Beier@yahoo.com,r4XH7YYusuvVcGp,employee,Grocery,Clothing,117,0
6703af3cd312dda4ba75d72c,Veronica Batz,Fannie49@gmail.com,a6xKIZL2hVqLcAm,employee,Kids,Clothing,118,0
6703af3cd312dda4ba75d72f,Wilfred Von,Eloy_Hayes@yahoo.com,klZbcFCgk0tntQS,employee,Games,Beauty,119,0
6703af3cd312dda4ba75d732,Crystal Ernser,Pauline77@yahoo.com,r47y2ddfs6iszql,employee,Automotive,Jewelry,120,0
6703af3cd312dda4ba75d735,Teresa Marvin,Ross_Douglas36@hotmail.com,PYbdRMM32Ted7tw,employee,Books,Kids,121,0
6703af3cd312dda4ba75d738,Daisy D'Amore,Jakayla.Satterfield47@gmail.com,NLjGruTPYGagCvq,employee,Industrial,Games,122,0
6703af3cd312dda4ba75d73b,Victor Lueilwitz,Eugene_Abernathy@hotmail.com,mOXof4lRdT99Cvr,employee,Electronics,Industrial,123,0
6703af3cd312dda4ba75d73e,Elizabeth Waelchi,Kathleen13@yahoo.com,NpHTlojq3euxXfs,employee,Movies,Shoes,124,0
6703af3cd312dda4ba75d741,Wanda Johnson,Augustus.Monahan9@gmail.com,MAo4kTVNbGVtXQA,employee,Kids,Industrial,125,0
6703af3cd312dda4ba75d744,Rolando Schaden,Rosamond18@yahoo.com,2cMNH6ZIO1hvW2W,employee,Garden,Shoes,126,0
6703af3cd312dda4ba75d747,Rachel Goldner,Desmond.Bayer@yahoo.com,L8oe6X5e5TueuAm,employee,Games,Music,127,0
6703af3cd312dda4ba75d74a,Paul Wehner,Bernadine_Schinner50@hotmail.com,dvNoZyWQbGG7IrI,employee,Kids,Tools,128,0
6703af3dd312dda4ba75d74d,Jerome Metz PhD,Zaria95@gmail.com,C3jOi65_Pcgkjr8,employee,Games,Outdoors,129,0
6703af3dd312dda4ba75d750,Marcia Hettinger,Eunice_Dach@hotmail.com,fLq3Ta4fIDol92b,employee,Computers,Industrial,130,0
6703af3dd312dda4ba75d753,Austin Quitzon,Grace90@hotmail.com,qPPIg_d6M327l9i,employee,Toys,Outdoors,131,0
6703af3dd312dda4ba75d756,Antoinette Prohaska,Bennett72@yahoo.com,xVIAkQgprx97t8_,employee,Electronics,Electronics,132,0
6703af3dd312dda4ba75d759,Rogelio Little,Winona67@gmail.com,e9Y1_I6_GX8mbue,employee,Health,Outdoors,133,0
6703af3dd312dda4ba75d75c,Darrin Tremblay,Hester.Bogisich@yahoo.com,w6UysVgXZSk_92p,employee,Kids,Tools,134,0
6703af3dd312dda4ba75d75f,Stephen Kautzer,Estelle_Connelly@gmail.com,Rf3fM6XnhZO5YbS,employee,Jewelry,Toys,135,0
6703af3dd312dda4ba75d762,Dr. Jennifer Sporer,Mossie58@gmail.com,E_zfOnopel3aEa7,employee,Clothing,Shoes,136,0
6703af3dd312dda4ba75d765,Miss Melody Rippin,Jarod17@hotmail.com,QMX762mHuqPAUKM,employee,Books,Kids,137,0
6703af3dd312dda4ba75d768,Lynette Thiel,Virginie_Olson@gmail.com,Eh9qUy5F8dXqUv0,employee,Sports,Automotive,138,0
6703af3dd312dda4ba75d76b,Miguel Conroy,Karli48@gmail.com,iLurZLztjQgsyiC,employee,Books,Electronics,139,0
6703af3dd312dda4ba75d76e,Kenneth Simonis,Ellsworth_Wintheiser@hotmail.com,rIHbswaUDFAKK0T,employee,Baby,Health,140,0
6703af3dd312dda4ba75d771,Enrique Collins,Clay_Dickinson65@gmail.com,7RE9IPyayab7mpg,employee,Computers,Outdoors,141,0
6703af3dd312dda4ba75d774,Dana Rowe-Anderson,Fern40@yahoo.com,igxFlwxeubW1s15,employee,Health,Health,142,0
6703af3dd312dda4ba75d777,Erik Shields,Assunta.Deckow92@gmail.com,oLDiBtwJxAgujUJ,employee,Computers,Movies,143,0
6703af3dd312dda4ba75d77a,Helen Ferry,Derick.Champlin@hotmail.com,JERMeAbdyir7dOT,employee,Jewelry,Shoes,144,0
6703af3dd312dda4ba75d77d,Roland Wolf,Jaylen.Lind69@gmail.com,ThP_ITgVKTngima,employee,Music,Automotive,145,0
6703af3dd312dda4ba75d780,Billy Schroeder,Nicolas98@hotmail.com,LTyU1PU32zI90rE,employee,Grocery,Beauty,146,0
6703af3dd312dda4ba75d783,Woodrow Trantow-Spinka,Lorine45@gmail.com,aPJCRCZhaxJDc4D,employee,Movies,Games,147,0
6703af3dd312dda4ba75d786,Ana Rowe,Emma37@gmail.com,xv3HJr9mijOsf_S,employee,Games,Health,148,0
6703af3ed312dda4ba75d789,Casey Anderson-Wiegand,Emmet6@gmail.com,0W3091s6S18zSzn,employee,Baby,Industrial,149,0
6703af3ed312dda4ba75d78c,Bernadette Corkery,Isabella_Armstrong@yahoo.com,S6fDsXV0krPTzeh,employee,Automotive,Automotive,150,0
6703af3ed312dda4ba75d78f,Desiree Lindgren,Kattie.Swaniawski39@hotmail.com,iJGZd3yPr0eiwM8,employee,Beauty,Industrial,151,0
6703af3ed312dda4ba75d792,Kate Mann,Jayme.Rodriguez@hotmail.com,irxhBvnb4vidVmP,employee,Jewelry,Toys,152,0
6703af3ed312dda4ba75d795,Mrs. Janet Welch,Zackery.Legros@hotmail.com,YblWfoU2KCc6HkS,employee,Kids,Health,153,0
6703af3ed312dda4ba75d798,Dr. Darren Skiles,Jordon.Huels88@yahoo.com,CFDFOB7ZohLrorm,employee,Beauty,Garden,154,0
6703af3ed312dda4ba75d79b,Thomas Schaefer IV,Faustino.Zboncak23@yahoo.com,_dZq91X15OJL4g3,employee,Electronics,Tools,155,0
6703af3ed312dda4ba75d79e,Jaime Bechtelar,Jett.Dare@yahoo.com,FmOJn7lEoZtfpQs,employee,Toys,Garden,156,0
6703af3ed312dda4ba75d7a1,Darnell Kunze IV,Stella_Stehr68@hotmail.com,QjR9hfKpaPJgEC4,employee,Electronics,Clothing,157,0
6703af3ed312dda4ba75d7a4,Mrs. Shirley Pouros-Greenfelder,Regan_Ondricka29@gmail.com,guPY1AJ9L1uYkt7,employee,Beauty,Clothing,158,0
6703af3ed312dda4ba75d7a7,Ms. Anita Pacocha,Aylin_Schumm38@gmail.com,385KpIkMgl8_vay,employee,Automotive,Health,159,0
6703af3ed312dda4ba75d7aa,Thomas Reichel,Amani55@hotmail.com,nsdgecEhk_6iVMu,employee,Beauty,Movies,160,0
6703af3ed312dda4ba75d7ad,Ryan Rohan,Lonny75@yahoo.com,cG1fkdpK297T4dP,employee,Grocery,Garden,161,0
6703af3ed312dda4ba75d7b0,Clinton Cruickshank,Mary.Stoltenberg@gmail.com,S9ldbc_s5QTJEJz,employee,Automotive,Tools,162,0
6703af3ed312dda4ba75d7b3,Mrs. Stacy Kulas,Anthony56@gmail.com,Dubox267amquei3,employee,Computers,Tools,163,0
6703af3ed312dda4ba75d7b6,Jodi Gleichner Sr.,Elda_Littel@yahoo.com,i5o5rX1Oi8Wfvjr,employee,Music,Health,164,0
6703af3ed312dda4ba75d7b9,Timothy Murazik,Sandy_Ferry13@yahoo.com,qdzijhFWZL5W4cW,employee,Shoes,Industrial,165,0
6703af3ed312dda4ba75d7bc,Joanna Waelchi,Lester.MacGyver82@gmail.com,Ba4d2_Od6BumZH9,employee,Beauty,Movies,166,0
6703af3ed312dda4ba75d7bf,Jim Watsica,Heidi87@gmail.com,6kHJfDRBWhlRPKu,employee,Industrial,Baby,167,0
6703af3fd312dda4ba75d7c2,Dr. Curtis Beer,Michale_Grimes@yahoo.com,673UciRhwmD6Jb4,employee,Grocery,Health,168,0
6703af3fd312dda4ba75d7c5,Viola Kautzer,Alaina56@yahoo.com,6WgqqnBX3rwPiyz,employee,Jewelry,Games,169,0
6703af3fd312dda4ba75d7c8,Shirley Murphy,Lilliana.Rosenbaum@yahoo.com,iB1SIpeoD_36Qoo,employee,Shoes,Electronics,170,0
6703af3fd312dda4ba75d7cb,Felipe Bahringer,Georgianna64@gmail.com,8U34KYGU1sPKbfg,employee,Baby,Toys,171,0
6703af3fd312dda4ba75d7ce,Tyrone Hirthe DDS,Beth32@yahoo.com,T_brF0F4NRvjBUL,employee,Electronics,Health,172,0
6703af3fd312dda4ba75d7d1,Mrs. Holly Deckow,Bart.Cassin-Pouros@gmail.com,xjNf2uj0BjJuKDr,employee,Industrial,Baby,173,0
6703af3fd312dda4ba75d7d4,Josefina Hettinger,Helmer_Murphy88@yahoo.com,i2gkcwWWJ60bDT3,employee,Games,Movies,174,0
6703af3fd312dda4ba75d7d7,Sabrina Bernhard,Diego72@yahoo.com,68GRozTKvaEuDNl,employee,Movies,Industrial,175,0
6703af3fd312dda4ba75d7da,Cecil Bosco,Marisa_Kuhic79@yahoo.com,MOVvd_iY57J9UZ6,employee,Home,Movies,176,0
6703af3fd312dda4ba75d7dd,Sonja Kassulke,Wendy.Spinka75@yahoo.com,UuJK0Fypyegfu8P,employee,Industrial,Beauty,177,0
6703af3fd312dda4ba75d7e0,Kristin McGlynn,Leon34@hotmail.com,r_i1OeCNg1ZZcPD,employee,Sports,Music,178,0
6703af3fd312dda4ba75d7e3,Sue Waters,Darwin_Lindgren@gmail.com,YrCwxlyG5GAh1MI,employee,Baby,Toys,179,0
6703af3fd312dda4ba75d7e6,Judith Orn,Cassidy85@hotmail.com,TLHNBn9kioZWUGR,employee,Kids,Kids,180,0
6703af3fd312dda4ba75d7e9,Clay Bauch,Henry_Hoppe@gmail.com,bjnhjdD_J_dJkx5,employee,Tools,Music,181,0
6703af3fd312dda4ba75d7ec,Hector Gorczany,Mekhi.Barton89@hotmail.com,yeu0fIpiN0E36Zt,employee,Kids,Toys,182,0
6703af3fd312dda4ba75d7ef,Carmen Schuppe,Toy.Pacocha@gmail.com,8l05KmdYPqq0GpA,employee,Tools,Tools,183,0
6703af3fd312dda4ba75d7f2,Karla VonRueden,Ava24@yahoo.com,378xCyPFywS8NMl,employee,Jewelry,Sports,184,0
6703af3fd312dda4ba75d7f5,Sammy Dickens,Julie_Murphy83@hotmail.com,PCTw59oGF_sDmub,employee,Garden,Toys,185,0
6703af3fd312dda4ba75d7f8,Terry Collins,Chloe_Davis@yahoo.com,cxZB_xsTF0WUHte,employee,Movies,Jewelry,186,0
6703af3fd312dda4ba75d7fb,Bobby Bashirian,Brooke.Roob@hotmail.com,y4nvxlQxsUYGnye,employee,Sports,Computers,187,0
6703af40d312dda4ba75d7fe,Anne Crist I,Maximus35@hotmail.com,uHk_qC17sQhHnAQ,employee,Industrial,Kids,188,0
6703af40d312dda4ba75d801,Alfredo Will,Herman_Pfannerstill15@hotmail.com,ISsavi3ml6C_SG0,employee,Sports,Outdoors,189,0
6703af40d312dda4ba75d804,Frederick Schumm,Danyka_Rempel-Willms1@hotmail.com,J87yD0kIT0Jpa3K,employee,Health,Beauty,190,0
6703af40d312dda4ba75d807,Mr. Sam Franecki,Bianka.Zulauf@gmail.com,tvXTFl0f5wpAc4L,employee,Clothing,Sports,191,0
6703af40d312dda4ba75d80a,Rebecca Bernhard,Osbaldo.Bradtke@gmail.com,tjBNevILjzUBBOO,employee,Clothing,Sports,192,0
6703af40d312dda4ba75d80d,Geraldine Waters-Brakus,Shaniya_OKeefe29@hotmail.com,KgmK4pHNcP2degi,employee,Automotive,Jewelry,193,0
6703af40d312dda4ba75d810,Santiago Kassulke,Brendan.McLaughlin32@gmail.com,KuPA6HGuvd2bgfr,employee,Garden,Outdoors,194,0
6703af40d312dda4ba75d813,Fredrick Kiehn,Asha55@yahoo.com,_B7L81hH58E5Dne,employee,Clothing,Home,195,0
6703af40d312dda4ba75d816,Carl Upton,Brycen38@hotmail.com,vtuth_93Xl4YgIF,employee,Health,Grocery,196,0
6703af40d312dda4ba75d819,Stanley Herman,Humberto1@gmail.com,6BaCXlKCRXn5if2,employee,Kids,Kids,197,0
6703af40d312dda4ba75d81c,Andres Rowe,Neal.Lowe2@gmail.com,6InJfyLoGs7PJ7E,employee,Shoes,Outdoors,198,0
6703af40d312dda4ba75d81f,Cynthia Russel,Corene.Stoltenberg@gmail.com,1piWR81LVcFj9HL,employee,Automotive,Outdoors,199,0
6703af40d312dda4ba75d822,Jose Wisozk,Karl.Jones@gmail.com,dY7iW9laO5fLPzl,employee,Beauty,Baby,200,0
6703af40d312dda4ba75d825,Fred Christiansen,Levi85@hotmail.com,0lBIBXjKdY7NxfU,employee,Industrial,Kids,201,0
6703af40d312dda4ba75d828,Luther Ebert,German_Reilly27@yahoo.com,Gp9zhBzihkFOsMw,employee,Shoes,Movies,202,0
6703af40d312dda4ba75d82b,Mr. Troy Medhurst,Tabitha76@yahoo.com,1IeSZQywhOfeBIo,employee,Electronics,Computers,203,0
6703af40d312dda4ba75d82e,Gregory Gutkowski III,Juvenal_Crooks@hotmail.com,qffCighKJqwmjpj,employee,Shoes,Sports,204,0
6703af40d312dda4ba75d831,Mrs. Becky Tillman MD,Pierre.Ruecker@yahoo.com,aPLvRv1eYip9wCJ,employee,Tools,Kids,205,0
6703af40d312dda4ba75d834,Carla Rempel,Judah_Schroeder64@gmail.com,EUcj9ThhMl_UfQO,employee,Health,Grocery,206,0
6703af40d312dda4ba75d837,Lynette Streich-Berge,Johnathon_Fay-Dach@gmail.com,eCPfrVQofTrOuD0,employee,Health,Kids,207,0
6703af41d312dda4ba75d83a,Cheryl Kuhic,Pascale.Moen@yahoo.com,C0c3e9Y8NGpM7Y0,employee,Baby,Music,208,0
6703af41d312dda4ba75d83d,Jacqueline Cronin,Damaris_Davis@gmail.com,Ix5cenFglA_S3dF,employee,Home,Health,209,0
6703af41d312dda4ba75d840,Herbert Emard-Kuphal,Rowena.Greenfelder30@gmail.com,QjWc1krl3Zrds3E,employee,Books,Beauty,210,0
6703af41d312dda4ba75d843,Delores Stoltenberg,Melvina.Waelchi41@hotmail.com,_CXZ8yOrZBMmxK6,employee,Jewelry,Home,211,0
6703af41d312dda4ba75d846,Olivia Daniel,Alexa18@hotmail.com,RaBna4sVnKpKa1m,employee,Movies,Grocery,212,0
6703af41d312dda4ba75d849,Mrs. Lana Murray,Bella.Lehner@yahoo.com,7NBxZkucvdNrMgW,employee,Grocery,Electronics,213,0
6703af41d312dda4ba75d84c,Daisy O'Hara,Tressa65@yahoo.com,CaNPmzfN9XvKe6h,employee,Garden,Home,214,0
6703af41d312dda4ba75d84f,Clifford McCullough,Garfield73@yahoo.com,bCXE2fvf1uLP6hR,employee,Toys,Computers,215,0
6703af41d312dda4ba75d852,Evelyn Dibbert,Jeff_Crona@yahoo.com,J6UOI7wJx5Yw9VQ,employee,Health,Games,216,0
6703af41d312dda4ba75d855,Lucas Rau,Spencer42@hotmail.com,GkGJJn6u6y6rgHV,employee,Movies,Baby,217,0
6703af41d312dda4ba75d858,Rochelle Schroeder,Ezequiel94@gmail.com,_1iRWtC2WpEz61B,employee,Industrial,Baby,218,0
6703af41d312dda4ba75d85b,Irving Deckow Jr.,Vergie_Mraz@yahoo.com,TwYHX2HhYR2kLTn,employee,Electronics,Toys,219,0
6703af41d312dda4ba75d85e,Elbert Rodriguez,Leonor_Schmitt@yahoo.com,Z83kxL0CMwxDKl7,employee,Beauty,Electronics,220,0
6703af41d312dda4ba75d861,Dr. Dana Kessler,Ivah_Rempel56@yahoo.com,MzDLHyoX7scp0mO,employee,Games,Music,221,0
6703af41d312dda4ba75d864,Debbie Buckridge,Macy38@gmail.com,Os0Z_VpQWDBk2tE,employee,Industrial,Beauty,222,0
6703af41d312dda4ba75d867,Terence Metz,Ralph1@gmail.com,5W3a7GSfWYz8RuY,employee,Computers,Sports,223,0
6703af41d312dda4ba75d86a,Wayne Corwin,Nikita_Leuschke@yahoo.com,jxoM4w6Y8dJFKpu,employee,Games,Outdoors,224,0
6703af41d312dda4ba75d86d,Orlando Walker,Tyshawn_Fay@yahoo.com,B6cXp1O3GQWSmWi,employee,Computers,Beauty,225,0
6703af42d312dda4ba75d870,Lois Wilderman,Clark60@gmail.com,l8Q4KHHCfmM5GNU,employee,Home,Garden,226,0
6703af42d312dda4ba75d873,Scott Stark,Elmore_Jacobson@hotmail.com,IXJEJGAXcLkbSSL,employee,Tools,Games,227,0
6703af42d312dda4ba75d876,Stacy Mann,Dorian.Ernser@gmail.com,9QVGsIpIY4i3NAv,employee,Garden,Kids,228,0
6703af42d312dda4ba75d879,Francis Kautzer,Merritt.Koch@hotmail.com,VOFWxo_wWjZpoO8,employee,Kids,Games,229,0
6703af42d312dda4ba75d87c,Jerald Hand,Ramona.Breitenberg@yahoo.com,z5R106o9U84tJBt,employee,Electronics,Tools,230,0
6703af42d312dda4ba75d87f,Derrick Mayert,Marilie_Schulist@gmail.com,DgCgAJG88Ko7RGS,employee,Industrial,Outdoors,231,0
6703af42d312dda4ba75d882,Brittany Torp,Mia.Koepp@hotmail.com,53uIM6p0DFUCr2m,employee,Automotive,Baby,232,0
6703af42d312dda4ba75d885,Miss Muriel Rogahn,Phyllis_Schinner@yahoo.com,L7UMXH_utccSBLY,employee,Toys,Books,233,0
6703af42d312dda4ba75d888,Irving D'Amore,Norberto.Dach@yahoo.com,Ik8iKlmOq1sjT_F,employee,Clothing,Kids,234,0
6703af42d312dda4ba75d88b,Diane Kovacek,Juvenal49@yahoo.com,kW9RNXBgu3JOTOs,employee,Music,Beauty,235,0
6703af42d312dda4ba75d88e,Angelo Kuphal,Pink38@yahoo.com,uWSIG6qu8eLQzpB,employee,Toys,Music,236,0
6703af42d312dda4ba75d891,Kristine Hahn,Granville_Breitenberg@gmail.com,YSSejVjwJ4irxfD,employee,Games,Industrial,237,0
6703af42d312dda4ba75d894,Terrell Ernser,Odell.Rutherford@yahoo.com,E1bnXT2aS55kQxf,employee,Tools,Shoes,238,0
6703af42d312dda4ba75d897,Gladys Herzog,Brock_Mertz61@hotmail.com,7uvGLKRKL59rV5i,employee,Jewelry,Grocery,239,0
6703af42d312dda4ba75d89a,Glenn Kunze,Missouri46@hotmail.com,KkgD4noGjA6Za7L,employee,Games,Toys,240,0
6703af42d312dda4ba75d89d,Kim Reichert,Pedro.Schoen77@yahoo.com,QAhQtNFIbHfrAJ8,employee,Movies,Movies,241,0
6703af42d312dda4ba75d8a0,Wilfred Parker,Ignacio.Hessel@gmail.com,puNtPjwSvuPH8VO,employee,Computers,Grocery,242,0
6703af42d312dda4ba75d8a3,Joy Abbott,Nya_Hermiston@gmail.com,IDP08_lvX_NSdhx,employee,Beauty,Garden,243,0
6703af42d312dda4ba75d8a6,Roberto Funk,Hettie_Schuppe@gmail.com,iWwT0czZ4Rjy07T,employee,Baby,Books,244,0
6703af42d312dda4ba75d8a9,Jenna Bogan-Casper,Krista10@hotmail.com,MnZv1wAwwS1IQMt,employee,Tools,Kids,245,0
6703af43d312dda4ba75d8ac,Essie Mayert,Garett.Legros65@yahoo.com,7LJYpFEgg0_C0pK,employee,Home,Books,246,0
6703af43d312dda4ba75d8af,Marlene Jaskolski,Emmet47@gmail.com,HtU52fhtSswNpnD,employee,Jewelry,Home,247,0
6703af43d312dda4ba75d8b2,Bryan Fahey,Margie74@yahoo.com,aYhlmaYEFbDiXz3,employee,Tools,Toys,248,0
6703af43d312dda4ba75d8b5,May Nitzsche,Gunner.Kutch@yahoo.com,kO_F9l9d1CUM8MZ,employee,Sports,Garden,249,0
6703af43d312dda4ba75d8b8,Todd Rohan,Fatima.Botsford@hotmail.com,k1pNtYN8gfd9ixb,employee,Grocery,Sports,250,0
