_id,name,email,password,role,team,department,employeeId
6703af36d312dda4ba75d5cd,Lorenzo Waters,kaleb_leffler@hotmail.com,4naGpGw7oy_B6mG,admin,Toys,Garden,1
6703af36d312dda4ba75d5d0,Christina Marks,gloria.farrell@yahoo.com,uCL75VrOgS_O7EA,admin,Music,Kids,2
6703af36d312dda4ba75d5d3,Bobbie Turcotte-Cole,elwin.heidenreich@gmail.com,0PqBLQKeapGzj2G,admin,Clothing,Kids,3
6703af36d312dda4ba75d5d6,Ted Bartell,osbaldo_kiehn@gmail.com,ajIyzZjpCsCMGkx,admin,Electronics,Music,4
6703af36d312dda4ba75d5d9,Joan Hane-Denesik,larue_padberg17@yahoo.com,LavMG9BWj8LDNwo,admin,Sports,Jewelry,5
6703af36d312dda4ba75d5dc,Miss Beth Bashirian,luther.bins@hotmail.com,gkPD9CswAPtMUyH,admin,Automotive,Clothing,6
6703af36d312dda4ba75d5df,Charlie Ruecker,cornelius.berge@hotmail.com,rxckKdg3fAkFHCY,admin,Clothing,Home,7
6703af36d312dda4ba75d5e2,Julie Hermiston,roslyn90@gmail.com,hBYo820gd1_KG64,admin,Clothing,Clothing,8
6703af36d312dda4ba75d5e5,Darrin Abbott,marina.kemmer@gmail.com,nbGPyOrKjQxg1a8,admin,Sports,Jewelry,9
6703af36d312dda4ba75d5e8,Pam Rolfson,xavier_murphy65@hotmail.com,fx4CUey4ZrWUUVb,admin,Computers,Movies,10
6703af36d312dda4ba75d5eb,Mr. Van Howell,rachelle_emmerich94@hotmail.com,oF8tg70xKMqCLjT,employee,Computers,Electronics,11
6703af36d312dda4ba75d5ee,Dr. Emmett Gleichner,joseph.kuvalis14@hotmail.com,J4SFryRbndeJg3n,employee,Grocery,Clothing,12
6703af36d312dda4ba75d5f1,Dr. Alfredo Mosciski,kip.bernhard-mayert59@hotmail.com,mWofE17w74bak1g,employee,Baby,Jewelry,13
6703af36d312dda4ba75d5f4,Lula Harris,alanis_kirlin@yahoo.com,FitXqXmw0monqhd,employee,Electronics,Sports,14
6703af37d312dda4ba75d5f7,Ricardo Dicki DVM,kellen6@yahoo.com,STEXgzuX469Xk75,employee,Music,Baby,15
6703af37d312dda4ba75d5fa,Dr. Aaron Ruecker IV,eryn7@yahoo.com,TQjGGrP3WQnu_UA,employee,Jewelry,Automotive,16
6703af37d312dda4ba75d5fd,Michael Heidenreich,wilfrid.beier65@gmail.com,VxafXo8wvx5s2cV,employee,Shoes,Automotive,17
6703af37d312dda4ba75d600,Lynda Weimann Sr.,rossie1@hotmail.com,bqqdPeWrzwwwD1E,employee,Baby,Shoes,18
6703af37d312dda4ba75d603,Brendan Wyman,daphnee_mckenzie87@gmail.com,UfzcWD5Ln1Hk18h,employee,Games,Electronics,19
6703af37d312dda4ba75d606,Fred Runolfsdottir,corbin52@yahoo.com,vQR75FAp3PUfsAi,employee,Movies,Garden,20
6703af37d312dda4ba75d609,Margie Gulgowski,cheyenne_legros62@hotmail.com,OF_GxxvDNkHp2bO,employee,Toys,Grocery,21
6703af37d312dda4ba75d60c,Laurie Turner,celestine_kunze@hotmail.com,IAZglna7xEQo__7,employee,Electronics,Sports,22
6703af37d312dda4ba75d60f,Fred O'Connell,evie_oreilly@hotmail.com,U6rA4idfw8I5r_D,employee,Games,Jewelry,23
6703af37d312dda4ba75d612,Jordan Tillman,daryl23@yahoo.com,D4cwWl4eZ9RIsEY,employee,Shoes,Garden,24
6703af37d312dda4ba75d615,Olivia Goodwin PhD,fabian5@yahoo.com,6vGYEWoe0yVbxQr,employee,Toys,Industrial,25
6703af37d312dda4ba75d618,Muriel Runolfsdottir,karine_fahey69@hotmail.com,TGlM4WCsXfApqtZ,employee,Books,Outdoors,26
6703af37d312dda4ba75d61b,Jeffrey Schimmel,chelsie_hoppe@hotmail.com,vuIMWx1y39RCPlv,employee,Health,Music,27
6703af37d312dda4ba75d61e,Christie Denesik,javonte40@gmail.com,HskLN703PMQL7DI,employee,Outdoors,Computers,28
6703af37d312dda4ba75d621,Salvador Kirlin,brenden_gibson-wehner@gmail.com,ogu77aDxCSyLuM4,employee,Books,Electronics,29
6703af37d312dda4ba75d624,Norman Romaguera,cecile6@gmail.com,DccTQ1Pzj7k1hVd,employee,Sports,Music,30
6703af37d312dda4ba75d627,Marc Little Jr.,orie.towne@gmail.com,ogXlCfuofsUpi4o,employee,Industrial,Clothing,31
6703af37d312dda4ba75d62a,Ellen Hand,jazmyne.beatty@yahoo.com,aKtTbDb8VZFJlN7,employee,Grocery,Beauty,32
6703af37d312dda4ba75d62d,Dave Dooley,anne_okuneva30@gmail.com,4sI1pR54dl4joey,employee,Clothing,Outdoors,33
6703af38d312dda4ba75d630,Mack Wolff,jonathon44@yahoo.com,vkbfBqBHZgryrW6,employee,Sports,Jewelry,34
6703af38d312dda4ba75d633,Dr. Tommie Stanton,cesar.mueller@gmail.com,I6Q7C6vZq8iieiP,employee,Garden,Toys,35
6703af38d312dda4ba75d636,Myrtle Zemlak,maurine71@hotmail.com,xDl29Mcpl1hk3p2,employee,Toys,Movies,36
6703af38d312dda4ba75d639,Dr. John Treutel,jenifer.gottlieb1@hotmail.com,_UMeNfcnjWRXFOT,employee,Music,Outdoors,37
6703af38d312dda4ba75d63c,Darla Schoen-Jacobs,lemuel8@yahoo.com,wnYz2hEphPxPyFq,employee,Electronics,Toys,38
6703af38d312dda4ba75d63f,Roberto Schroeder,eloy.borer97@hotmail.com,UhFc_1cCkR3ciRv,employee,Electronics,Garden,39
6703af38d312dda4ba75d642,Renee Nikolaus,dino75@gmail.com,ecpm63Ug6fED5DR,employee,Outdoors,Outdoors,40
6703af38d312dda4ba75d645,Lucia Wisozk,ronaldo_bartoletti-legros@yahoo.com,CPa_zk9nAufaq4y,employee,Health,Industrial,41
6703af38d312dda4ba75d648,Mrs. Stacy Lemke,lexie_hirthe@yahoo.com,RU852N2WBLUlbRz,employee,Industrial,Home,42
6703af38d312dda4ba75d64b,Heather Luettgen,lynn95@gmail.com,aCDqiYm5v5Mve7F,employee,Music,Baby,43
6703af38d312dda4ba75d64e,Ervin Friesen,mona.konopelski15@yahoo.com,WuUF9rppAMQk9Dg,employee,Sports,Garden,44
6703af38d312dda4ba75d651,Gary Aufderhar,abigayle.corkery80@gmail.com,0KcyrBL1qtBSKTp,employee,Jewelry,Outdoors,45
6703af38d312dda4ba75d654,Elijah Nienow,walter.mayer7@yahoo.com,tNuEFOQ1uWnO7Hd,employee,Baby,Industrial,46
6703af38d312dda4ba75d657,Jody Ankunding,marvin.marvin@hotmail.com,6c4jIVts_8HV7n1,employee,Health,Jewelry,47
6703af38d312dda4ba75d65a,Nichole Ferry,jaiden12@gmail.com,yzIaq7soWQB31yo,employee,Computers,Sports,48
6703af38d312dda4ba75d65d,Anne Kuphal,carissa48@gmail.com,e2VviyU8ZPc7izr,employee,Sports,Kids,49
6703af38d312dda4ba75d660,Emanuel Ward PhD,juliet56@gmail.com,Za_Or4W2ShnZq3u,employee,Clothing,Computers,50
6703af38d312dda4ba75d663,Armando Wilderman,enoch.ernser-johnston0@yahoo.com,32bH0YoHqgG288h,employee,Sports,Music,51
6703af39d312dda4ba75d666,Kerry Herman DVM,kylee.hodkiewicz55@gmail.com,Ndw0GHF66m4lA7e,employee,Beauty,Electronics,52
6703af39d312dda4ba75d669,Joshua Hessel,daisha.krajcik88@yahoo.com,fqi5o9S1duWaiIf,employee,Movies,Movies,53
6703af39d312dda4ba75d66c,Jamie Orn,abraham_schmitt98@hotmail.com,U7lafeUhg7ZF2oe,employee,Jewelry,Garden,54
6703af39d312dda4ba75d66f,Ms. Megan Borer,jana.spencer98@hotmail.com,B9NIVKnrqXFsm02,employee,Toys,Grocery,55
6703af39d312dda4ba75d672,Lynn Cummings Jr.,travon_vandervort36@hotmail.com,pxd0cQVotYGsVX4,employee,Health,Books,56
6703af39d312dda4ba75d675,Emmett Bins-McClure,geraldine1@yahoo.com,6kqw0l9yMvlTmpI,employee,Baby,Outdoors,57
6703af39d312dda4ba75d678,Frank Doyle,donavon.wyman22@hotmail.com,PdOHmpJbED3GtjX,employee,Industrial,Books,58
6703af39d312dda4ba75d67b,Salvador Mills,amina15@yahoo.com,iv7MkoeWk8d9SZS,employee,Home,Grocery,59
6703af39d312dda4ba75d67e,Beatrice Crist,elmer.steuber@hotmail.com,cLVJuZRdMFI7D7G,employee,Home,Sports,60
6703af39d312dda4ba75d681,Julius Jacobson,princess.koss10@gmail.com,zQNJu_Dz_WYnM1k,employee,Industrial,Sports,61
6703af39d312dda4ba75d684,Annie Powlowski,enrique_ondricka33@gmail.com,h3bET4vvYv3RS4H,employee,Beauty,Beauty,62
6703af39d312dda4ba75d687,Marvin Rogahn,vida22@gmail.com,QwRjgL0lwOIa9H1,employee,Kids,Industrial,63
6703af39d312dda4ba75d68a,George Cruickshank,leonor.sipes@hotmail.com,cInJmhdm97LQ4YJ,employee,Movies,Sports,64
6703af39d312dda4ba75d68d,Pat Mayert,juliet_emard82@yahoo.com,zvioTmftM79ZPrN,employee,Shoes,Automotive,65
6703af39d312dda4ba75d690,Guillermo Kihn,marcus96@hotmail.com,MMA7zzXrEWUS1gW,employee,Toys,Beauty,66
6703af39d312dda4ba75d693,Dr. Faith Cole,jamel.bahringer19@yahoo.com,qk2rdAwEGqkCaBQ,employee,Health,Jewelry,67
6703af39d312dda4ba75d696,Mr. Kerry O'Connell,joanie.bednar@yahoo.com,4bsY3uuY4eKR51B,employee,Toys,Automotive,68
6703af39d312dda4ba75d699,Sheldon Medhurst,darrel_becker@gmail.com,je1Zml6xlH3Nvqu,employee,Electronics,Computers,69
6703af39d312dda4ba75d69c,Dr. Joel Block,briana_abernathy@hotmail.com,Pynzvq83wikfl7s,employee,Books,Clothing,70
6703af39d312dda4ba75d69f,Deanna Crona-Luettgen,claire_turcotte32@yahoo.com,caNecR5OeRswXKp,employee,Grocery,Sports,71
6703af3ad312dda4ba75d6a2,Dr. Belinda Kunze,judge.bahringer@yahoo.com,ETKMCnwNE2PyfES,employee,Movies,Movies,72
6703af3ad312dda4ba75d6a5,Timmy Bogisich,gabriella32@yahoo.com,GUZ2qPsN2NOUQK0,employee,Industrial,Shoes,73
6703af3ad312dda4ba75d6a8,Derrick Beahan,rosario_jenkins1@gmail.com,7zmh7v62_qb0Rcd,employee,Clothing,Toys,74
6703af3ad312dda4ba75d6ab,Kim Bailey V,aniyah.stroman@gmail.com,VjDxEovo8Y8C8CR,employee,Grocery,Kids,75
6703af3ad312dda4ba75d6ae,Courtney Jacobson,skylar24@gmail.com,7DplKKNr6tue9h2,employee,Automotive,Sports,76
6703af3ad312dda4ba75d6b1,Estelle Runolfsson,ruthie17@gmail.com,lWcXG3mwMyUCZQR,employee,Beauty,Games,77
6703af3ad312dda4ba75d6b4,Frederick Crona,geovanny_gerlach@yahoo.com,iZ38upBSNHHpxlN,employee,Garden,Garden,78
6703af3ad312dda4ba75d6b7,Dawn Abshire I,friedrich90@gmail.com,10gFhmRGHjslnXK,employee,Tools,Clothing,79
6703af3ad312dda4ba75d6ba,Mr. Darrel Shields,heloise_mayert-rath90@yahoo.com,RmSFLuzMNDutXfm,employee,Movies,Movies,80
6703af3ad312dda4ba75d6bd,Mr. Lonnie Stokes-Aufderhar,brooks83@gmail.com,zsv55XweoQfGZXm,employee,Baby,Baby,81
6703af3ad312dda4ba75d6c0,Leah Kassulke,marquis_bernhard@hotmail.com,D4qqtiyTPPsPmAn,employee,Grocery,Computers,82
6703af3ad312dda4ba75d6c3,Randolph Hodkiewicz,verner_schultz@hotmail.com,uOsb8N2dbgprZTz,employee,Health,Outdoors,83
6703af3ad312dda4ba75d6c6,Erica Batz,timothy63@hotmail.com,oxR2ucCvGu5hcQg,employee,Movies,Tools,84
6703af3ad312dda4ba75d6c9,Cecilia Marks PhD,dalton10@gmail.com,jdMOhTHl0jUoRrm,employee,Outdoors,Baby,85
6703af3ad312dda4ba75d6cc,Forrest Nicolas,agustina.friesen29@hotmail.com,1NS2akE5dQ8dMWy,employee,Industrial,Clothing,86
6703af3ad312dda4ba75d6cf,Melba Rice,jedediah54@gmail.com,gxj0951N4AtF36z,employee,Beauty,Tools,87
6703af3ad312dda4ba75d6d2,Marian Schneider,naomi3@yahoo.com,cADD1uK0iIm4meO,employee,Baby,Clothing,88
6703af3ad312dda4ba75d6d5,Ricardo Gutkowski,edward.ferry3@yahoo.com,yHcicJH3Ky0_HN5,employee,Beauty,Jewelry,89
6703af3ad312dda4ba75d6d8,Geneva Jones Jr.,elinor_witting@gmail.com,u4pCjINXiTCWKmR,employee,Games,Toys,90
6703af3bd312dda4ba75d6db,Ginger Hodkiewicz,gillian_wyman50@gmail.com,WaxPECjXeWbNuvV,employee,Electronics,Sports,91
6703af3bd312dda4ba75d6de,Geraldine West,eloisa_wilderman33@hotmail.com,8QcY2OvoGMyyHxV,employee,Beauty,Tools,92
6703af3bd312dda4ba75d6e1,Hubert Runolfsdottir,anna.bechtelar49@yahoo.com,000vsm96xfWa3X8,employee,Sports,Home,93
6703af3bd312dda4ba75d6e4,Cedric Torp,cameron73@hotmail.com,OKptuQQgpWDzNG0,employee,Baby,Jewelry,94
6703af3bd312dda4ba75d6e7,Shari Dach,tremayne_white27@hotmail.com,c90fnYHS23YdDeQ,employee,Clothing,Electronics,95
6703af3bd312dda4ba75d6ea,Alice Mohr DDS,cecil_bruen@gmail.com,6NpSLr25j4YhRuh,employee,Toys,Computers,96
6703af3bd312dda4ba75d6ed,Sheila Hermiston,elinore.hauck22@hotmail.com,RKFd2qSaRNspvw5,employee,Tools,Electronics,97
6703af3bd312dda4ba75d6f0,Sheryl Cruickshank,lelah_daniel12@yahoo.com,WSzkIGXdlkhw9pZ,employee,Books,Kids,98
6703af3bd312dda4ba75d6f3,Rebecca Kerluke-MacGyver,bart_padberg28@hotmail.com,fOc3jM14yi_kAqa,employee,Clothing,Shoes,99
6703af3bd312dda4ba75d6f6,Jennie Koelpin,elva46@yahoo.com,5NxpZexmyt9wLJg,employee,Movies,Tools,100
6703af3bd312dda4ba75d6f9,Edmond Koch,june_tremblay@hotmail.com,n9DrGtngmwf6tqG,employee,Jewelry,Outdoors,101
6703af3bd312dda4ba75d6fc,Virginia McClure-Mills,sebastian_schulist@hotmail.com,487Fu_YE9GIv9ZB,employee,Games,Kids,102
6703af3bd312dda4ba75d6ff,Jack Balistreri V,natasha93@hotmail.com,5lG8MaWaN2qtN3p,employee,Electronics,Computers,103
6703af3bd312dda4ba75d702,Dwayne Bartell,juana22@yahoo.com,WWDO271ZukF3OHz,employee,Sports,Home,104
6703af3bd312dda4ba75d705,Norman Abshire,devyn.kovacek@hotmail.com,p6Rl71zTtYKefza,employee,Books,Sports,105
6703af3bd312dda4ba75d708,Grady Armstrong DVM,emory39@gmail.com,w3o7D80OqouKI9O,employee,Outdoors,Toys,106
6703af3bd312dda4ba75d70b,Verna Conn,delpha_ratke@gmail.com,HNCMiniS2a2eQj7,employee,Music,Electronics,107
6703af3bd312dda4ba75d70e,Rex Tromp,jared.swaniawski@hotmail.com,gHCLRnnEwq7ThkA,employee,Outdoors,Industrial,108
6703af3bd312dda4ba75d711,Nadine Walsh,bennett.streich71@gmail.com,fBxOaV5aJafqg4z,employee,Movies,Industrial,109
6703af3bd312dda4ba75d714,Nicholas Reichel DVM,sydni3@gmail.com,quhI4S05nv4Uw0m,employee,Garden,Kids,110
6703af3cd312dda4ba75d717,Tammy Dickinson,cleo_runolfsson78@yahoo.com,3xbhX8m8BUpmZuG,employee,Shoes,Industrial,111
6703af3cd312dda4ba75d71a,Bernadette Nienow MD,helena.schmitt7@hotmail.com,LYJJdVo3FO0dkRa,employee,Jewelry,Books,112
6703af3cd312dda4ba75d71d,Bradford Koelpin Sr.,cayla.roob7@hotmail.com,X7UfYJHpsDZVWoq,employee,Industrial,Electronics,113
6703af3cd312dda4ba75d720,Roman Stokes-Boyer,hermina_satterfield70@hotmail.com,XyVqRHPo9u1VV2_,employee,Baby,Games,114
6703af3cd312dda4ba75d723,Nichole Abbott,carlo_hermann@gmail.com,j2SLeGj4Q0f1BEq,employee,Health,Industrial,115
6703af3cd312dda4ba75d726,Shelley Glover,caesar.kris@gmail.com,3wjqWy37RUx2X4F,employee,Books,Jewelry,116
6703af3cd312dda4ba75d729,Diana Pollich Jr.,keegan_beier@yahoo.com,r4XH7YYusuvVcGp,employee,Grocery,Clothing,117
6703af3cd312dda4ba75d72c,Veronica Batz,fannie49@gmail.com,a6xKIZL2hVqLcAm,employee,Kids,Clothing,118
6703af3cd312dda4ba75d72f,Wilfred Von,eloy_hayes@yahoo.com,klZbcFCgk0tntQS,employee,Games,Beauty,119
6703af3cd312dda4ba75d732,Crystal Ernser,pauline77@yahoo.com,r47y2ddfs6iszql,employee,Automotive,Jewelry,120
6703af3cd312dda4ba75d735,Teresa Marvin,ross_douglas36@hotmail.com,PYbdRMM32Ted7tw,employee,Books,Kids,121
6703af3cd312dda4ba75d738,Daisy D'Amore,jakayla.satterfield47@gmail.com,NLjGruTPYGagCvq,employee,Industrial,Games,122
6703af3cd312dda4ba75d73b,Victor Lueilwitz,eugene_abernathy@hotmail.com,mOXof4lRdT99Cvr,employee,Electronics,Industrial,123
6703af3cd312dda4ba75d73e,Elizabeth Waelchi,kathleen13@yahoo.com,NpHTlojq3euxXfs,employee,Movies,Shoes,124
6703af3cd312dda4ba75d741,Wanda Johnson,augustus.monahan9@gmail.com,MAo4kTVNbGVtXQA,employee,Kids,Industrial,125
6703af3cd312dda4ba75d744,Rolando Schaden,rosamond18@yahoo.com,2cMNH6ZIO1hvW2W,employee,Garden,Shoes,126
6703af3cd312dda4ba75d747,Rachel Goldner,desmond.bayer@yahoo.com,L8oe6X5e5TueuAm,employee,Games,Music,127
6703af3cd312dda4ba75d74a,Paul Wehner,bernadine_schinner50@hotmail.com,dvNoZyWQbGG7IrI,employee,Kids,Tools,128
6703af3dd312dda4ba75d74d,Jerome Metz PhD,zaria95@gmail.com,C3jOi65_Pcgkjr8,employee,Games,Outdoors,129
6703af3dd312dda4ba75d750,Marcia Hettinger,eunice_dach@hotmail.com,fLq3Ta4fIDol92b,employee,Computers,Industrial,130
6703af3dd312dda4ba75d753,Austin Quitzon,grace90@hotmail.com,qPPIg_d6M327l9i,employee,Toys,Outdoors,131
6703af3dd312dda4ba75d756,Antoinette Prohaska,bennett72@yahoo.com,xVIAkQgprx97t8_,employee,Electronics,Electronics,132
6703af3dd312dda4ba75d759,Rogelio Little,winona67@gmail.com,e9Y1_I6_GX8mbue,employee,Health,Outdoors,133
6703af3dd312dda4ba75d75c,Darrin Tremblay,hester.bogisich@yahoo.com,w6UysVgXZSk_92p,employee,Kids,Tools,134
6703af3dd312dda4ba75d75f,Stephen Kautzer,estelle_connelly@gmail.com,Rf3fM6XnhZO5YbS,employee,Jewelry,Toys,135
6703af3dd312dda4ba75d762,Dr. Jennifer Sporer,mossie58@gmail.com,E_zfOnopel3aEa7,employee,Clothing,Shoes,136
6703af3dd312dda4ba75d765,Miss Melody Rippin,jarod17@hotmail.com,QMX762mHuqPAUKM,employee,Books,Kids,137
6703af3dd312dda4ba75d768,Lynette Thiel,virginie_olson@gmail.com,Eh9qUy5F8dXqUv0,employee,Sports,Automotive,138
6703af3dd312dda4ba75d76b,Miguel Conroy,karli48@gmail.com,iLurZLztjQgsyiC,employee,Books,Electronics,139
6703af3dd312dda4ba75d76e,Kenneth Simonis,ellsworth_wintheiser@hotmail.com,rIHbswaUDFAKK0T,employee,Baby,Health,140
6703af3dd312dda4ba75d771,Enrique Collins,clay_dickinson65@gmail.com,7RE9IPyayab7mpg,employee,Computers,Outdoors,141
6703af3dd312dda4ba75d774,Dana Rowe-Anderson,fern40@yahoo.com,igxFlwxeubW1s15,employee,Health,Health,142
6703af3dd312dda4ba75d777,Erik Shields,assunta.deckow92@gmail.com,oLDiBtwJxAgujUJ,employee,Computers,Movies,143
6703af3dd312dda4ba75d77a,Helen Ferry,derick.champlin@hotmail.com,JERMeAbdyir7dOT,employee,Jewelry,Shoes,144
6703af3dd312dda4ba75d77d,Roland Wolf,jaylen.lind69@gmail.com,ThP_ITgVKTngima,employee,Music,Automotive,145
6703af3dd312dda4ba75d780,Billy Schroeder,nicolas98@hotmail.com,LTyU1PU32zI90rE,employee,Grocery,Beauty,146
6703af3dd312dda4ba75d783,Woodrow Trantow-Spinka,lorine45@gmail.com,aPJCRCZhaxJDc4D,employee,Movies,Games,147
6703af3dd312dda4ba75d786,Ana Rowe,emma37@gmail.com,xv3HJr9mijOsf_S,employee,Games,Health,148
6703af3ed312dda4ba75d789,Casey Anderson-Wiegand,emmet6@gmail.com,0W3091s6S18zSzn,employee,Baby,Industrial,149
6703af3ed312dda4ba75d78c,Bernadette Corkery,isabella_armstrong@yahoo.com,S6fDsXV0krPTzeh,employee,Automotive,Automotive,150
6703af3ed312dda4ba75d78f,Desiree Lindgren,kattie.swaniawski39@hotmail.com,iJGZd3yPr0eiwM8,employee,Beauty,Industrial,151
6703af3ed312dda4ba75d792,Kate Mann,jayme.rodriguez@hotmail.com,irxhBvnb4vidVmP,employee,Jewelry,Toys,152
6703af3ed312dda4ba75d795,Mrs. Janet Welch,zackery.legros@hotmail.com,YblWfoU2KCc6HkS,employee,Kids,Health,153
6703af3ed312dda4ba75d798,Dr. Darren Skiles,jordon.huels88@yahoo.com,CFDFOB7ZohLrorm,employee,Beauty,Garden,154
6703af3ed312dda4ba75d79b,Thomas Schaefer IV,faustino.zboncak23@yahoo.com,_dZq91X15OJL4g3,employee,Electronics,Tools,155
6703af3ed312dda4ba75d79e,Jaime Bechtelar,jett.dare@yahoo.com,FmOJn7lEoZtfpQs,employee,Toys,Garden,156
6703af3ed312dda4ba75d7a1,Darnell Kunze IV,stella_stehr68@hotmail.com,QjR9hfKpaPJgEC4,employee,Electronics,Clothing,157
6703af3ed312dda4ba75d7a4,Mrs. Shirley Pouros-Greenfelder,regan_ondricka29@gmail.com,guPY1AJ9L1uYkt7,employee,Beauty,Clothing,158
6703af3ed312dda4ba75d7a7,Ms. Anita Pacocha,aylin_schumm38@gmail.com,385KpIkMgl8_vay,employee,Automotive,Health,159
6703af3ed312dda4ba75d7aa,Thomas Reichel,amani55@hotmail.com,nsdgecEhk_6iVMu,employee,Beauty,Movies,160
6703af3ed312dda4ba75d7ad,Ryan Rohan,lonny75@yahoo.com,cG1fkdpK297T4dP,employee,Grocery,Garden,161
6703af3ed312dda4ba75d7b0,Clinton Cruickshank,mary.stoltenberg@gmail.com,S9ldbc_s5QTJEJz,employee,Automotive,Tools,162
6703af3ed312dda4ba75d7b3,Mrs. Stacy Kulas,anthony56@gmail.com,Dubox267amquei3,employee,Computers,Tools,163
6703af3ed312dda4ba75d7b6,Jodi Gleichner Sr.,elda_littel@yahoo.com,i5o5rX1Oi8Wfvjr,employee,Music,Health,164
6703af3ed312dda4ba75d7b9,Timothy Murazik,sandy_ferry13@yahoo.com,qdzijhFWZL5W4cW,employee,Shoes,Industrial,165
6703af3ed312dda4ba75d7bc,Joanna Waelchi,lester.macgyver82@gmail.com,Ba4d2_Od6BumZH9,employee,Beauty,Movies,166
6703af3ed312dda4ba75d7bf,Jim Watsica,heidi87@gmail.com,6kHJfDRBWhlRPKu,employee,Industrial,Baby,167
6703af3fd312dda4ba75d7c2,Dr. Curtis Beer,michale_grimes@yahoo.com,673UciRhwmD6Jb4,employee,Grocery,Health,168
6703af3fd312dda4ba75d7c5,Viola Kautzer,alaina56@yahoo.com,6WgqqnBX3rwPiyz,employee,Jewelry,Games,169
6703af3fd312dda4ba75d7c8,Shirley Murphy,lilliana.rosenbaum@yahoo.com,iB1SIpeoD_36Qoo,employee,Shoes,Electronics,170
6703af3fd312dda4ba75d7cb,Felipe Bahringer,georgianna64@gmail.com,8U34KYGU1sPKbfg,employee,Baby,Toys,171
6703af3fd312dda4ba75d7ce,Tyrone Hirthe DDS,beth32@yahoo.com,T_brF0F4NRvjBUL,employee,Electronics,Health,172
6703af3fd312dda4ba75d7d1,Mrs. Holly Deckow,bart.cassin-pouros@gmail.com,xjNf2uj0BjJuKDr,employee,Industrial,Baby,173
6703af3fd312dda4ba75d7d4,Josefina Hettinger,helmer_murphy88@yahoo.com,i2gkcwWWJ60bDT3,employee,Games,Movies,174
6703af3fd312dda4ba75d7d7,Sabrina Bernhard,diego72@yahoo.com,68GRozTKvaEuDNl,employee,Movies,Industrial,175
6703af3fd312dda4ba75d7da,Cecil Bosco,marisa_kuhic79@yahoo.com,MOVvd_iY57J9UZ6,employee,Home,Movies,176
6703af3fd312dda4ba75d7dd,Sonja Kassulke,wendy.spinka75@yahoo.com,UuJK0Fypyegfu8P,employee,Industrial,Beauty,177
6703af3fd312dda4ba75d7e0,Kristin McGlynn,leon34@hotmail.com,r_i1OeCNg1ZZcPD,employee,Sports,Music,178
6703af3fd312dda4ba75d7e3,Sue Waters,darwin_lindgren@gmail.com,YrCwxlyG5GAh1MI,employee,Baby,Toys,179
6703af3fd312dda4ba75d7e6,Judith Orn,cassidy85@hotmail.com,TLHNBn9kioZWUGR,employee,Kids,Kids,180
6703af3fd312dda4ba75d7e9,Clay Bauch,henry_hoppe@gmail.com,bjnhjdD_J_dJkx5,employee,Tools,Music,181
6703af3fd312dda4ba75d7ec,Hector Gorczany,mekhi.barton89@hotmail.com,yeu0fIpiN0E36Zt,employee,Kids,Toys,182
6703af3fd312dda4ba75d7ef,Carmen Schuppe,toy.pacocha@gmail.com,8l05KmdYPqq0GpA,employee,Tools,Tools,183
6703af3fd312dda4ba75d7f2,Karla VonRueden,ava24@yahoo.com,378xCyPFywS8NMl,employee,Jewelry,Sports,184
6703af3fd312dda4ba75d7f5,Sammy Dickens,julie_murphy83@hotmail.com,PCTw59oGF_sDmub,employee,Garden,Toys,185
6703af3fd312dda4ba75d7f8,Terry Collins,chloe_davis@yahoo.com,cxZB_xsTF0WUHte,employee,Movies,Jewelry,186
6703af3fd312dda4ba75d7fb,Bobby Bashirian,brooke.roob@hotmail.com,y4nvxlQxsUYGnye,employee,Sports,Computers,187
6703af40d312dda4ba75d7fe,Anne Crist I,maximus35@hotmail.com,uHk_qC17sQhHnAQ,employee,Industrial,Kids,188
6703af40d312dda4ba75d801,Alfredo Will,herman_pfannerstill15@hotmail.com,ISsavi3ml6C_SG0,employee,Sports,Outdoors,189
6703af40d312dda4ba75d804,Frederick Schumm,danyka_rempel-willms1@hotmail.com,J87yD0kIT0Jpa3K,employee,Health,Beauty,190
6703af40d312dda4ba75d807,Mr. Sam Franecki,bianka.zulauf@gmail.com,tvXTFl0f5wpAc4L,employee,Clothing,Sports,191
6703af40d312dda4ba75d80a,Rebecca Bernhard,osbaldo.bradtke@gmail.com,tjBNevILjzUBBOO,employee,Clothing,Sports,192
6703af40d312dda4ba75d80d,Geraldine Waters-Brakus,shaniya_okeefe29@hotmail.com,KgmK4pHNcP2degi,employee,Automotive,Jewelry,193
6703af40d312dda4ba75d810,Santiago Kassulke,brendan.mclaughlin32@gmail.com,KuPA6HGuvd2bgfr,employee,Garden,Outdoors,194
6703af40d312dda4ba75d813,Fredrick Kiehn,asha55@yahoo.com,_B7L81hH58E5Dne,employee,Clothing,Home,195
6703af40d312dda4ba75d816,Carl Upton,brycen38@hotmail.com,vtuth_93Xl4YgIF,employee,Health,Grocery,196
6703af40d312dda4ba75d819,Stanley Herman,humberto1@gmail.com,6BaCXlKCRXn5if2,employee,Kids,Kids,197
6703af40d312dda4ba75d81c,Andres Rowe,neal.lowe2@gmail.com,6InJfyLoGs7PJ7E,employee,Shoes,Outdoors,198
6703af40d312dda4ba75d81f,Cynthia Russel,corene.stoltenberg@gmail.com,1piWR81LVcFj9HL,employee,Automotive,Outdoors,199
6703af40d312dda4ba75d822,Jose Wisozk,karl.jones@gmail.com,dY7iW9laO5fLPzl,employee,Beauty,Baby,200
6703af40d312dda4ba75d825,Fred Christiansen,levi85@hotmail.com,0lBIBXjKdY7NxfU,employee,Industrial,Kids,201
6703af40d312dda4ba75d828,Luther Ebert,german_reilly27@yahoo.com,Gp9zhBzihkFOsMw,employee,Shoes,Movies,202
6703af40d312dda4ba75d82b,Mr. Troy Medhurst,tabitha76@yahoo.com,1IeSZQywhOfeBIo,employee,Electronics,Computers,203
6703af40d312dda4ba75d82e,Gregory Gutkowski III,juvenal_crooks@hotmail.com,qffCighKJqwmjpj,employee,Shoes,Sports,204
6703af40d312dda4ba75d831,Mrs. Becky Tillman MD,pierre.ruecker@yahoo.com,aPLvRv1eYip9wCJ,employee,Tools,Kids,205
6703af40d312dda4ba75d834,Carla Rempel,judah_schroeder64@gmail.com,EUcj9ThhMl_UfQO,employee,Health,Grocery,206
6703af40d312dda4ba75d837,Lynette Streich-Berge,johnathon_fay-dach@gmail.com,eCPfrVQofTrOuD0,employee,Health,Kids,207
6703af41d312dda4ba75d83a,Cheryl Kuhic,pascale.moen@yahoo.com,C0c3e9Y8NGpM7Y0,employee,Baby,Music,208
6703af41d312dda4ba75d83d,Jacqueline Cronin,damaris_davis@gmail.com,Ix5cenFglA_S3dF,employee,Home,Health,209
6703af41d312dda4ba75d840,Herbert Emard-Kuphal,rowena.greenfelder30@gmail.com,QjWc1krl3Zrds3E,employee,Books,Beauty,210
6703af41d312dda4ba75d843,Delores Stoltenberg,melvina.waelchi41@hotmail.com,_CXZ8yOrZBMmxK6,employee,Jewelry,Home,211
6703af41d312dda4ba75d846,Olivia Daniel,alexa18@hotmail.com,RaBna4sVnKpKa1m,employee,Movies,Grocery,212
6703af41d312dda4ba75d849,Mrs. Lana Murray,bella.lehner@yahoo.com,7NBxZkucvdNrMgW,employee,Grocery,Electronics,213
6703af41d312dda4ba75d84c,Daisy O'Hara,tressa65@yahoo.com,CaNPmzfN9XvKe6h,employee,Garden,Home,214
6703af41d312dda4ba75d84f,Clifford McCullough,garfield73@yahoo.com,bCXE2fvf1uLP6hR,employee,Toys,Computers,215
6703af41d312dda4ba75d852,Evelyn Dibbert,jeff_crona@yahoo.com,J6UOI7wJx5Yw9VQ,employee,Health,Games,216
6703af41d312dda4ba75d855,Lucas Rau,spencer42@hotmail.com,GkGJJn6u6y6rgHV,employee,Movies,Baby,217
6703af41d312dda4ba75d858,Rochelle Schroeder,ezequiel94@gmail.com,_1iRWtC2WpEz61B,employee,Industrial,Baby,218
6703af41d312dda4ba75d85b,Irving Deckow Jr.,vergie_mraz@yahoo.com,TwYHX2HhYR2kLTn,employee,Electronics,Toys,219
6703af41d312dda4ba75d85e,Elbert Rodriguez,leonor_schmitt@yahoo.com,Z83kxL0CMwxDKl7,employee,Beauty,Electronics,220
6703af41d312dda4ba75d861,Dr. Dana Kessler,ivah_rempel56@yahoo.com,MzDLHyoX7scp0mO,employee,Games,Music,221
6703af41d312dda4ba75d864,Debbie Buckridge,macy38@gmail.com,Os0Z_VpQWDBk2tE,employee,Industrial,Beauty,222
6703af41d312dda4ba75d867,Terence Metz,ralph1@gmail.com,5W3a7GSfWYz8RuY,employee,Computers,Sports,223
6703af41d312dda4ba75d86a,Wayne Corwin,nikita_leuschke@yahoo.com,jxoM4w6Y8dJFKpu,employee,Games,Outdoors,224
6703af41d312dda4ba75d86d,Orlando Walker,tyshawn_fay@yahoo.com,B6cXp1O3GQWSmWi,employee,Computers,Beauty,225
6703af42d312dda4ba75d870,Lois Wilderman,clark60@gmail.com,l8Q4KHHCfmM5GNU,employee,Home,Garden,226
6703af42d312dda4ba75d873,Scott Stark,elmore_jacobson@hotmail.com,IXJEJGAXcLkbSSL,employee,Tools,Games,227
6703af42d312dda4ba75d876,Stacy Mann,dorian.ernser@gmail.com,9QVGsIpIY4i3NAv,employee,Garden,Kids,228
6703af42d312dda4ba75d879,Francis Kautzer,merritt.koch@hotmail.com,VOFWxo_wWjZpoO8,employee,Kids,Games,229
6703af42d312dda4ba75d87c,Jerald Hand,ramona.breitenberg@yahoo.com,z5R106o9U84tJBt,employee,Electronics,Tools,230
6703af42d312dda4ba75d87f,Derrick Mayert,marilie_schulist@gmail.com,DgCgAJG88Ko7RGS,employee,Industrial,Outdoors,231
6703af42d312dda4ba75d882,Brittany Torp,mia.koepp@hotmail.com,53uIM6p0DFUCr2m,employee,Automotive,Baby,232
6703af42d312dda4ba75d885,Miss Muriel Rogahn,phyllis_schinner@yahoo.com,L7UMXH_utccSBLY,employee,Toys,Books,233
6703af42d312dda4ba75d888,Irving D'Amore,norberto.dach@yahoo.com,Ik8iKlmOq1sjT_F,employee,Clothing,Kids,234
6703af42d312dda4ba75d88b,Diane Kovacek,juvenal49@yahoo.com,kW9RNXBgu3JOTOs,employee,Music,Beauty,235
6703af42d312dda4ba75d88e,Angelo Kuphal,pink38@yahoo.com,uWSIG6qu8eLQzpB,employee,Toys,Music,236
6703af42d312dda4ba75d891,Kristine Hahn,granville_breitenberg@gmail.com,YSSejVjwJ4irxfD,employee,Games,Industrial,237
6703af42d312dda4ba75d894,Terrell Ernser,odell.rutherford@yahoo.com,E1bnXT2aS55kQxf,employee,Tools,Shoes,238
6703af42d312dda4ba75d897,Gladys Herzog,brock_mertz61@hotmail.com,7uvGLKRKL59rV5i,employee,Jewelry,Grocery,239
6703af42d312dda4ba75d89a,Glenn Kunze,missouri46@hotmail.com,KkgD4noGjA6Za7L,employee,Games,Toys,240
6703af42d312dda4ba75d89d,Kim Reichert,pedro.schoen77@yahoo.com,QAhQtNFIbHfrAJ8,employee,Movies,Movies,241
6703af42d312dda4ba75d8a0,Wilfred Parker,ignacio.hessel@gmail.com,puNtPjwSvuPH8VO,employee,Computers,Grocery,242
6703af42d312dda4ba75d8a3,Joy Abbott,nya_hermiston@gmail.com,IDP08_lvX_NSdhx,employee,Beauty,Garden,243
6703af42d312dda4ba75d8a6,Roberto Funk,hettie_schuppe@gmail.com,iWwT0czZ4Rjy07T,employee,Baby,Books,244
6703af42d312dda4ba75d8a9,Jenna Bogan-Casper,krista10@hotmail.com,MnZv1wAwwS1IQMt,employee,Tools,Kids,245
6703af43d312dda4ba75d8ac,Essie Mayert,garett.legros65@yahoo.com,7LJYpFEgg0_C0pK,employee,Home,Books,246
6703af43d312dda4ba75d8af,Marlene Jaskolski,emmet47@gmail.com,HtU52fhtSswNpnD,employee,Jewelry,Home,247
6703af43d312dda4ba75d8b2,Bryan Fahey,margie74@yahoo.com,aYhlmaYEFbDiXz3,employee,Tools,Toys,248
6703af43d312dda4ba75d8b5,May Nitzsche,gunner.kutch@yahoo.com,kO_F9l9d1CUM8MZ,employee,Sports,Garden,249
6703af43d312dda4ba75d8b8,Todd Rohan,fatima.botsford@hotmail.com,k1pNtYN8gfd9ixb,employee,Grocery,Sports,250
